"filename", "language", "Rust", "Markdown", "JSON", "C", "PowerShell", "comment", "blank", "total"
"c:\Users\bmiko\nexir\.kilo\worktrees\spice-timpani\.sisyphus\boulder.json", "JSON", 0, 0, 6, 0, 0, 0, 1, 7
"c:\Users\bmiko\nexir\.kilo\worktrees\spice-timpani\.sisyphus\drafts\wire-export-ui.md", "Markdown", 0, 23, 0, 0, 0, 0, 6, 29
"c:\Users\bmiko\nexir\.kilo\worktrees\spice-timpani\.sisyphus\plans\wire-export-ui.md", "Markdown", 0, 168, 0, 0, 0, 0, 46, 214
"c:\Users\bmiko\nexir\.kilo\worktrees\spice-timpani\README.md", "Markdown", 0, 23, 0, 0, 0, 0, 8, 31
"c:\Users\bmiko\nexir\.kilo\worktrees\spice-timpani\build.rs", "Rust", 41, 0, 0, 0, 0, 8, 7, 56
"c:\Users\bmiko\nexir\.kilo\worktrees\spice-timpani\src\audio\audio_decoder.rs", "Rust", 311, 0, 0, 0, 0, 11, 43, 365
"c:\Users\bmiko\nexir\.kilo\worktrees\spice-timpani\src\audio\ffi\avresample.rs", "Rust", 40, 0, 0, 0, 0, 12, 10, 62
"c:\Users\bmiko\nexir\.kilo\worktrees\spice-timpani\src\audio\ffi\mod.rs", "Rust", 1, 0, 0, 0, 0, 1, 1, 3
"c:\Users\bmiko\nexir\.kilo\worktrees\spice-timpani\src\audio\mod.rs", "Rust", 4, 0, 0, 0, 0, 1, 1, 6
"c:\Users\bmiko\nexir\.kilo\worktrees\spice-timpani\src\audio\output_stream.rs", "Rust", 60, 0, 0, 0, 0, 5, 13, 78
"c:\Users\bmiko\nexir\.kilo\worktrees\spice-timpani\src\audio\ring_buffer.rs", "Rust", 90, 0, 0, 0, 0, 25, 19, 134
"c:\Users\bmiko\nexir\.kilo\worktrees\spice-timpani\src\colour\delta_e.rs", "Rust", 133, 0, 0, 0, 0, 25, 28, 186
"c:\Users\bmiko\nexir\.kilo\worktrees\spice-timpani\src\colour\lut_parser.rs", "Rust", 162, 0, 0, 0, 0, 16, 29, 207
"c:\Users\bmiko\nexir\.kilo\worktrees\spice-timpani\src\colour\mod.rs", "Rust", 2, 0, 0, 0, 0, 1, 2, 5
"c:\Users\bmiko\nexir\.kilo\worktrees\spice-timpani\src\engine\mod.rs", "Rust", 1, 0, 0, 0, 0, 1, 1, 3
"c:\Users\bmiko\nexir\.kilo\worktrees\spice-timpani\src\engine\playback.rs", "Rust", 145, 0, 0, 0, 0, 6, 18, 169
"c:\Users\bmiko\nexir\.kilo\worktrees\spice-timpani\src\export\audio_encoder.rs", "Rust", 110, 0, 0, 0, 0, 0, 18, 128
"c:\Users\bmiko\nexir\.kilo\worktrees\spice-timpani\src\export\engine.rs", "Rust", 175, 0, 0, 0, 0, 6, 23, 204
"c:\Users\bmiko\nexir\.kilo\worktrees\spice-timpani\src\export\ffi\encoder_ffi.rs", "Rust", 63, 0, 0, 0, 0, 0, 13, 76
"c:\Users\bmiko\nexir\.kilo\worktrees\spice-timpani\src\export\ffi\mod.rs", "Rust", 2, 0, 0, 0, 0, 0, 1, 3
"c:\Users\bmiko\nexir\.kilo\worktrees\spice-timpani\src\export\ffi\muxer_ffi.rs", "Rust", 37, 0, 0, 0, 0, 0, 12, 49
"c:\Users\bmiko\nexir\.kilo\worktrees\spice-timpani\src\export\job.rs", "Rust", 167, 0, 0, 0, 0, 5, 16, 188
"c:\Users\bmiko\nexir\.kilo\worktrees\spice-timpani\src\export\mod.rs", "Rust", 11, 0, 0, 0, 0, 0, 1, 12
"c:\Users\bmiko\nexir\.kilo\worktrees\spice-timpani\src\export\muxer.rs", "Rust", 120, 0, 0, 0, 0, 0, 16, 136
"c:\Users\bmiko\nexir\.kilo\worktrees\spice-timpani\src\export\partitioner.rs", "Rust", 56, 0, 0, 0, 0, 0, 9, 65
"c:\Users\bmiko\nexir\.kilo\worktrees\spice-timpani\src\export\progress.rs", "Rust", 85, 0, 0, 0, 0, 1, 11, 97
"c:\Users\bmiko\nexir\.kilo\worktrees\spice-timpani\src\export\queue.rs", "Rust", 27, 0, 0, 0, 0, 2, 8, 37
"c:\Users\bmiko\nexir\.kilo\worktrees\spice-timpani\src\export\readback.rs", "Rust", 88, 0, 0, 0, 0, 1, 17, 106
"c:\Users\bmiko\nexir\.kilo\worktrees\spice-timpani\src\export\renderer.rs", "Rust", 110, 0, 0, 0, 0, 0, 20, 130
"c:\Users\bmiko\nexir\.kilo\worktrees\spice-timpani\src\export\video_encoder.rs", "Rust", 296, 0, 0, 0, 0, 34, 45, 375
"c:\Users\bmiko\nexir\.kilo\worktrees\spice-timpani\src\interop\capability.rs", "Rust", 70, 0, 0, 0, 0, 6, 16, 92
"c:\Users\bmiko\nexir\.kilo\worktrees\spice-timpani\src\interop\cuda_context.rs", "Rust", 61, 0, 0, 0, 0, 11, 13, 85
"c:\Users\bmiko\nexir\.kilo\worktrees\spice-timpani\src\interop\decode_interop.rs", "Rust", 115, 0, 0, 0, 0, 28, 14, 157
"c:\Users\bmiko\nexir\.kilo\worktrees\spice-timpani\src\interop\encode_interop.rs", "Rust", 361, 0, 0, 0, 0, 46, 34, 441
"c:\Users\bmiko\nexir\.kilo\worktrees\spice-timpani\src\interop\external_texture.rs", "Rust", 134, 0, 0, 0, 0, 35, 18, 187
"c:\Users\bmiko\nexir\.kilo\worktrees\spice-timpani\src\interop\ffi\cuda_driver.rs", "Rust", 44, 0, 0, 0, 0, 0, 10, 54
"c:\Users\bmiko\nexir\.kilo\worktrees\spice-timpani\src\interop\ffi\cuda_gl_vk_interop.rs", "Rust", 82, 0, 0, 0, 0, 0, 13, 95
"c:\Users\bmiko\nexir\.kilo\worktrees\spice-timpani\src\interop\ffi\mod.rs", "Rust", 3, 0, 0, 0, 0, 0, 1, 4
"c:\Users\bmiko\nexir\.kilo\worktrees\spice-timpani\src\interop\ffi\nvenc.rs", "Rust", 100, 0, 0, 0, 0, 4, 10, 114
"c:\Users\bmiko\nexir\.kilo\worktrees\spice-timpani\src\interop\mod.rs", "Rust", 6, 0, 0, 0, 0, 0, 1, 7
"c:\Users\bmiko\nexir\.kilo\worktrees\spice-timpani\src\io\decoder.rs", "Rust", 269, 0, 0, 0, 0, 60, 41, 370
"c:\Users\bmiko\nexir\.kilo\worktrees\spice-timpani\src\io\demuxer.rs", "Rust", 264, 0, 0, 0, 0, 37, 40, 341
"c:\Users\bmiko\nexir\.kilo\worktrees\spice-timpani\src\io\ffi\avcodec.rs", "Rust", 43, 0, 0, 0, 0, 23, 18, 84
"c:\Users\bmiko\nexir\.kilo\worktrees\spice-timpani\src\io\ffi\avformat.rs", "Rust", 56, 0, 0, 0, 0, 30, 19, 105
"c:\Users\bmiko\nexir\.kilo\worktrees\spice-timpani\src\io\ffi\avutil.rs", "Rust", 120, 0, 0, 0, 0, 39, 29, 188
"c:\Users\bmiko\nexir\.kilo\worktrees\spice-timpani\src\io\ffi\hw_accel.rs", "Rust", 80, 0, 0, 0, 0, 17, 12, 109
"c:\Users\bmiko\nexir\.kilo\worktrees\spice-timpani\src\io\ffi\mod.rs", "Rust", 4, 0, 0, 0, 0, 1, 1, 6
"c:\Users\bmiko\nexir\.kilo\worktrees\spice-timpani\src\io\frame_cache.rs", "Rust", 66, 0, 0, 0, 0, 17, 13, 96
"c:\Users\bmiko\nexir\.kilo\worktrees\spice-timpani\src\io\io_layer.rs", "Rust", 163, 0, 0, 0, 0, 8, 22, 193
"c:\Users\bmiko\nexir\.kilo\worktrees\spice-timpani\src\io\mod.rs", "Rust", 7, 0, 0, 0, 0, 1, 1, 9
"c:\Users\bmiko\nexir\.kilo\worktrees\spice-timpani\src\io\prefetch.rs", "Rust", 69, 0, 0, 0, 0, 1, 13, 83
"c:\Users\bmiko\nexir\.kilo\worktrees\spice-timpani\src\io\slot_pool.rs", "Rust", 94, 0, 0, 0, 0, 16, 23, 133
"c:\Users\bmiko\nexir\.kilo\worktrees\spice-timpani\src\lib.rs", "Rust", 14, 0, 0, 0, 0, 0, 2, 16
"c:\Users\bmiko\nexir\.kilo\worktrees\spice-timpani\src\project.rs", "Rust", 141, 0, 0, 0, 0, 43, 20, 204
"c:\Users\bmiko\nexir\.kilo\worktrees\spice-timpani\src\project_file.rs", "Rust", 98, 0, 0, 0, 0, 28, 21, 147
"c:\Users\bmiko\nexir\.kilo\worktrees\spice-timpani\src\render\compute.rs", "Rust", 98, 0, 0, 0, 0, 20, 18, 136
"c:\Users\bmiko\nexir\.kilo\worktrees\spice-timpani\src\render\context.rs", "Rust", 42, 0, 0, 0, 0, 9, 9, 60
"c:\Users\bmiko\nexir\.kilo\worktrees\spice-timpani\src\render\device.rs", "Rust", 151, 0, 0, 0, 0, 23, 24, 198
"c:\Users\bmiko\nexir\.kilo\worktrees\spice-timpani\src\render\effect_chain.rs", "Rust", 140, 0, 0, 0, 0, 22, 20, 182
"c:\Users\bmiko\nexir\.kilo\worktrees\spice-timpani\src\render\frame_state.rs", "Rust", 32, 0, 0, 0, 0, 11, 6, 49
"c:\Users\bmiko\nexir\.kilo\worktrees\spice-timpani\src\render\graph.rs", "Rust", 204, 0, 0, 0, 0, 28, 46, 278
"c:\Users\bmiko\nexir\.kilo\worktrees\spice-timpani\src\render\mod.rs", "Rust", 9, 0, 0, 0, 0, 1, 2, 12
"c:\Users\bmiko\nexir\.kilo\worktrees\spice-timpani\src\render\nodes\blit.rs", "Rust", 143, 0, 0, 0, 0, 1, 16, 160
"c:\Users\bmiko\nexir\.kilo\worktrees\spice-timpani\src\render\nodes\chroma_key.rs", "Rust", 215, 0, 0, 0, 0, 14, 25, 254
"c:\Users\bmiko\nexir\.kilo\worktrees\spice-timpani\src\render\nodes\color_correction.rs", "Rust", 150, 0, 0, 0, 0, 14, 18, 182
"c:\Users\bmiko\nexir\.kilo\worktrees\spice-timpani\src\render\nodes\composite.rs", "Rust", 221, 0, 0, 0, 0, 3, 21, 245
"c:\Users\bmiko\nexir\.kilo\worktrees\spice-timpani\src\render\nodes\lut.rs", "Rust", 213, 0, 0, 0, 0, 13, 23, 249
"c:\Users\bmiko\nexir\.kilo\worktrees\spice-timpani\src\render\nodes\mod.rs", "Rust", 7, 0, 0, 0, 0, 1, 2, 10
"c:\Users\bmiko\nexir\.kilo\worktrees\spice-timpani\src\render\nodes\yuv_to_rgb.rs", "Rust", 179, 0, 0, 0, 0, 20, 15, 214
"c:\Users\bmiko\nexir\.kilo\worktrees\spice-timpani\src\render\nodes\yuv_upload.rs", "Rust", 172, 0, 0, 0, 0, 5, 22, 199
"c:\Users\bmiko\nexir\.kilo\worktrees\spice-timpani\src\render\resource.rs", "Rust", 119, 0, 0, 0, 0, 27, 21, 167
"c:\Users\bmiko\nexir\.kilo\worktrees\spice-timpani\src\render\shader\mod.rs", "Rust", 1, 0, 0, 0, 0, 1, 2, 4
"c:\Users\bmiko\nexir\.kilo\worktrees\spice-timpani\src\render\shader\registry.rs", "Rust", 82, 0, 0, 0, 0, 1, 18, 101
"c:\Users\bmiko\nexir\.kilo\worktrees\spice-timpani\src\scheduler\frame_scheduler.rs", "Rust", 80, 0, 0, 0, 0, 8, 15, 103
"c:\Users\bmiko\nexir\.kilo\worktrees\spice-timpani\src\scheduler\island.rs", "Rust", 63, 0, 0, 0, 0, 3, 11, 77
"c:\Users\bmiko\nexir\.kilo\worktrees\spice-timpani\src\scheduler\mod.rs", "Rust", 2, 0, 0, 0, 0, 1, 1, 4
"c:\Users\bmiko\nexir\.kilo\worktrees\spice-timpani\src\shim.c", "C", 0, 0, 0, 52, 0, 0, 9, 61
"c:\Users\bmiko\nexir\.kilo\worktrees\spice-timpani\src\sync\drift_corrector.rs", "Rust", 39, 0, 0, 0, 0, 4, 12, 55
"c:\Users\bmiko\nexir\.kilo\worktrees\spice-timpani\src\sync\master_clock.rs", "Rust", 47, 0, 0, 0, 0, 16, 9, 72
"c:\Users\bmiko\nexir\.kilo\worktrees\spice-timpani\src\sync\mod.rs", "Rust", 4, 0, 0, 0, 0, 1, 1, 6
"c:\Users\bmiko\nexir\.kilo\worktrees\spice-timpani\src\sync\presentation.rs", "Rust", 42, 0, 0, 0, 0, 6, 8, 56
"c:\Users\bmiko\nexir\.kilo\worktrees\spice-timpani\src\sync\sync_probe.rs", "Rust", 41, 0, 0, 0, 0, 7, 8, 56
"c:\Users\bmiko\nexir\.kilo\worktrees\spice-timpani\src\tests\av_sync.rs", "Rust", 98, 0, 0, 0, 0, 5, 16, 119
"c:\Users\bmiko\nexir\.kilo\worktrees\spice-timpani\src\tests\export_integration.rs", "Rust", 108, 0, 0, 0, 0, 0, 14, 122
"c:\Users\bmiko\nexir\.kilo\worktrees\spice-timpani\src\tests\interop_correctness.rs", "Rust", 218, 0, 0, 0, 0, 51, 28, 297
"c:\Users\bmiko\nexir\.kilo\worktrees\spice-timpani\src\tests\mod.rs", "Rust", 6, 0, 0, 0, 0, 1, 1, 8
"c:\Users\bmiko\nexir\.kilo\worktrees\spice-timpani\src\tests\playback_smoke.rs", "Rust", 94, 0, 0, 0, 0, 16, 29, 139
"c:\Users\bmiko\nexir\.kilo\worktrees\spice-timpani\src\tests\render_integration.rs", "Rust", 176, 0, 0, 0, 0, 16, 25, 217
"c:\Users\bmiko\nexir\.kilo\worktrees\spice-timpani\src\timeline\effect.rs", "Rust", 87, 0, 0, 0, 0, 8, 19, 114
"c:\Users\bmiko\nexir\.kilo\worktrees\spice-timpani\src\timeline\ids.rs", "Rust", 36, 0, 0, 0, 0, 9, 10, 55
"c:\Users\bmiko\nexir\.kilo\worktrees\spice-timpani\src\timeline\mod.rs", "Rust", 10, 0, 0, 0, 0, 0, 1, 11
"c:\Users\bmiko\nexir\.kilo\worktrees\spice-timpani\src\timeline\mutation.rs", "Rust", 331, 0, 0, 0, 0, 25, 42, 398
"c:\Users\bmiko\nexir\.kilo\worktrees\spice-timpani\src\timeline\query.rs", "Rust", 57, 0, 0, 0, 0, 4, 7, 68
"c:\Users\bmiko\nexir\.kilo\worktrees\spice-timpani\src\timeline\rational.rs", "Rust", 77, 0, 0, 0, 0, 10, 14, 101
"c:\Users\bmiko\nexir\.kilo\worktrees\spice-timpani\src\timeline\source.rs", "Rust", 141, 0, 0, 0, 0, 2, 20, 163
"c:\Users\bmiko\nexir\.kilo\worktrees\spice-timpani\src\timeline\store.rs", "Rust", 155, 0, 0, 0, 0, 12, 39, 206
"c:\Users\bmiko\nexir\.kilo\worktrees\spice-timpani\src\timeline\tests.rs", "Rust", 228, 0, 0, 0, 0, 10, 32, 270
"c:\Users\bmiko\nexir\.kilo\worktrees\spice-timpani\src\timeline\track.rs", "Rust", 100, 0, 0, 0, 0, 11, 21, 132
"c:\Users\bmiko\nexir\.kilo\worktrees\spice-timpani\src\timeline\transform.rs", "Rust", 91, 0, 0, 0, 0, 43, 25, 159
"c:\Users\bmiko\nexir\.kilo\worktrees\spice-timpani\ui\src\app.rs", "Rust", 781, 0, 0, 0, 0, 59, 105, 945
"c:\Users\bmiko\nexir\.kilo\worktrees\spice-timpani\ui\src\history.rs", "Rust", 57, 0, 0, 0, 0, 0, 11, 68
"c:\Users\bmiko\nexir\.kilo\worktrees\spice-timpani\ui\src\layout\inspector.rs", "Rust", 302, 0, 0, 0, 0, 15, 29, 346
"c:\Users\bmiko\nexir\.kilo\worktrees\spice-timpani\ui\src\layout\media_pool.rs", "Rust", 138, 0, 0, 0, 0, 7, 15, 160
"c:\Users\bmiko\nexir\.kilo\worktrees\spice-timpani\ui\src\layout\mod.rs", "Rust", 5, 0, 0, 0, 0, 0, 1, 6
"c:\Users\bmiko\nexir\.kilo\worktrees\spice-timpani\ui\src\layout\timeline.rs", "Rust", 826, 0, 0, 0, 0, 65, 105, 996
"c:\Users\bmiko\nexir\.kilo\worktrees\spice-timpani\ui\src\layout\top_bar.rs", "Rust", 102, 0, 0, 0, 0, 5, 10, 117
"c:\Users\bmiko\nexir\.kilo\worktrees\spice-timpani\ui\src\layout\viewport.rs", "Rust", 261, 0, 0, 0, 0, 7, 41, 309
"c:\Users\bmiko\nexir\.kilo\worktrees\spice-timpani\ui\src\main.rs", "Rust", 56, 0, 0, 0, 0, 1, 11, 68
"c:\Users\bmiko\nexir\AGENTS.md", "Markdown", 0, 66, 0, 0, 0, 0, 29, 95
"c:\Users\bmiko\nexir\README.md", "Markdown", 0, 23, 0, 0, 0, 0, 8, 31
"c:\Users\bmiko\nexir\build.rs", "Rust", 41, 0, 0, 0, 0, 8, 7, 56
"c:\Users\bmiko\nexir\examples\export_test.rs", "Rust", 53, 0, 0, 0, 0, 0, 7, 60
"c:\Users\bmiko\nexir\examples\probe_image.rs", "Rust", 47, 0, 0, 0, 0, 0, 3, 50
"c:\Users\bmiko\nexir\examples\probe_test.rs", "Rust", 28, 0, 0, 0, 0, 0, 6, 34
"c:\Users\bmiko\nexir\examples\test2.rs", "Rust", 33, 0, 0, 0, 0, 0, 5, 38
"c:\Users\bmiko\nexir\examples\test_nvenc.rs", "Rust", 105, 0, 0, 0, 0, 16, 19, 140
"c:\Users\bmiko\nexir\package_windows.ps1", "PowerShell", 0, 0, 0, 0, 63, 9, 17, 89
"c:\Users\bmiko\nexir\src\audio\audio_decoder.rs", "Rust", 374, 0, 0, 0, 0, 11, 48, 433
"c:\Users\bmiko\nexir\src\audio\ffi\avresample.rs", "Rust", 40, 0, 0, 0, 0, 12, 11, 63
"c:\Users\bmiko\nexir\src\audio\ffi\mod.rs", "Rust", 1, 0, 0, 0, 0, 1, 1, 3
"c:\Users\bmiko\nexir\src\audio\mod.rs", "Rust", 4, 0, 0, 0, 0, 1, 1, 6
"c:\Users\bmiko\nexir\src\audio\output_stream.rs", "Rust", 60, 0, 0, 0, 0, 5, 13, 78
"c:\Users\bmiko\nexir\src\audio\ring_buffer.rs", "Rust", 101, 0, 0, 0, 0, 25, 19, 145
"c:\Users\bmiko\nexir\src\colour\delta_e.rs", "Rust", 160, 0, 0, 0, 0, 25, 28, 213
"c:\Users\bmiko\nexir\src\colour\lut_parser.rs", "Rust", 185, 0, 0, 0, 0, 16, 29, 230
"c:\Users\bmiko\nexir\src\colour\mod.rs", "Rust", 2, 0, 0, 0, 0, 1, 2, 5
"c:\Users\bmiko\nexir\src\engine\mod.rs", "Rust", 1, 0, 0, 0, 0, 1, 1, 3
"c:\Users\bmiko\nexir\src\engine\playback.rs", "Rust", 156, 0, 0, 0, 0, 6, 18, 180
"c:\Users\bmiko\nexir\src\export\audio_encoder.rs", "Rust", 148, 0, 0, 0, 0, 7, 23, 178
"c:\Users\bmiko\nexir\src\export\decode_worker.rs", "Rust", 85, 0, 0, 0, 0, 35, 14, 134
"c:\Users\bmiko\nexir\src\export\engine.rs", "Rust", 518, 0, 0, 0, 0, 32, 56, 606
"c:\Users\bmiko\nexir\src\export\ffi\encoder_ffi.rs", "Rust", 65, 0, 0, 0, 0, 0, 13, 78
"c:\Users\bmiko\nexir\src\export\ffi\mod.rs", "Rust", 2, 0, 0, 0, 0, 0, 1, 3
"c:\Users\bmiko\nexir\src\export\ffi\muxer_ffi.rs", "Rust", 40, 0, 0, 0, 0, 0, 14, 54
"c:\Users\bmiko\nexir\src\export\job.rs", "Rust", 197, 0, 0, 0, 0, 6, 18, 221
"c:\Users\bmiko\nexir\src\export\mod.rs", "Rust", 12, 0, 0, 0, 0, 0, 1, 13
"c:\Users\bmiko\nexir\src\export\muxer.rs", "Rust", 124, 0, 0, 0, 0, 0, 17, 141
"c:\Users\bmiko\nexir\src\export\partitioner.rs", "Rust", 56, 0, 0, 0, 0, 0, 9, 65
"c:\Users\bmiko\nexir\src\export\progress.rs", "Rust", 75, 0, 0, 0, 0, 0, 10, 85
"c:\Users\bmiko\nexir\src\export\queue.rs", "Rust", 27, 0, 0, 0, 0, 0, 8, 35
"c:\Users\bmiko\nexir\src\export\readback.rs", "Rust", 124, 0, 0, 0, 0, 26, 21, 171
"c:\Users\bmiko\nexir\src\export\renderer.rs", "Rust", 365, 0, 0, 0, 0, 39, 68, 472
"c:\Users\bmiko\nexir\src\export\video_encoder.rs", "Rust", 441, 0, 0, 0, 0, 62, 58, 561
"c:\Users\bmiko\nexir\src\interop\capability.rs", "Rust", 88, 0, 0, 0, 0, 7, 18, 113
"c:\Users\bmiko\nexir\src\interop\cuda_context.rs", "Rust", 61, 0, 0, 0, 0, 11, 13, 85
"c:\Users\bmiko\nexir\src\interop\decode_interop.rs", "Rust", 115, 0, 0, 0, 0, 28, 14, 157
"c:\Users\bmiko\nexir\src\interop\encode_interop.rs", "Rust", 439, 0, 0, 0, 0, 113, 37, 589
"c:\Users\bmiko\nexir\src\interop\external_texture.rs", "Rust", 134, 0, 0, 0, 0, 35, 18, 187
"c:\Users\bmiko\nexir\src\interop\ffi\cuda_driver.rs", "Rust", 44, 0, 0, 0, 0, 0, 10, 54
"c:\Users\bmiko\nexir\src\interop\ffi\cuda_gl_vk_interop.rs", "Rust", 82, 0, 0, 0, 0, 0, 13, 95
"c:\Users\bmiko\nexir\src\interop\ffi\mod.rs", "Rust", 3, 0, 0, 0, 0, 0, 1, 4
"c:\Users\bmiko\nexir\src\interop\ffi\nvenc.rs", "Rust", 117, 0, 0, 0, 0, 0, 10, 127
"c:\Users\bmiko\nexir\src\interop\mod.rs", "Rust", 6, 0, 0, 0, 0, 0, 1, 7
"c:\Users\bmiko\nexir\src\io\decoder.rs", "Rust", 332, 0, 0, 0, 0, 61, 43, 436
"c:\Users\bmiko\nexir\src\io\demuxer.rs", "Rust", 281, 0, 0, 0, 0, 36, 42, 359
"c:\Users\bmiko\nexir\src\io\ffi\avcodec.rs", "Rust", 46, 0, 0, 0, 0, 23, 18, 87
"c:\Users\bmiko\nexir\src\io\ffi\avformat.rs", "Rust", 60, 0, 0, 0, 0, 30, 18, 108
"c:\Users\bmiko\nexir\src\io\ffi\avutil.rs", "Rust", 141, 0, 0, 0, 0, 39, 33, 213
"c:\Users\bmiko\nexir\src\io\ffi\hw_accel.rs", "Rust", 82, 0, 0, 0, 0, 17, 12, 111
"c:\Users\bmiko\nexir\src\io\ffi\mod.rs", "Rust", 5, 0, 0, 0, 0, 1, 1, 7
"c:\Users\bmiko\nexir\src\io\ffi\swscale.rs", "Rust", 30, 0, 0, 0, 0, 0, 5, 35
"c:\Users\bmiko\nexir\src\io\frame_cache.rs", "Rust", 76, 0, 0, 0, 0, 18, 14, 108
"c:\Users\bmiko\nexir\src\io\io_layer.rs", "Rust", 227, 0, 0, 0, 0, 16, 26, 269
"c:\Users\bmiko\nexir\src\io\mod.rs", "Rust", 7, 0, 0, 0, 0, 1, 1, 9
"c:\Users\bmiko\nexir\src\io\prefetch.rs", "Rust", 69, 0, 0, 0, 0, 1, 13, 83
"c:\Users\bmiko\nexir\src\io\slot_pool.rs", "Rust", 94, 0, 0, 0, 0, 16, 23, 133
"c:\Users\bmiko\nexir\src\lib.rs", "Rust", 14, 0, 0, 0, 0, 0, 2, 16
"c:\Users\bmiko\nexir\src\project.rs", "Rust", 280, 0, 0, 0, 0, 61, 39, 380
"c:\Users\bmiko\nexir\src\project_file.rs", "Rust", 151, 0, 0, 0, 0, 29, 25, 205
"c:\Users\bmiko\nexir\src\render\compute.rs", "Rust", 98, 0, 0, 0, 0, 20, 18, 136
"c:\Users\bmiko\nexir\src\render\context.rs", "Rust", 42, 0, 0, 0, 0, 9, 9, 60
"c:\Users\bmiko\nexir\src\render\device.rs", "Rust", 240, 0, 0, 0, 0, 35, 39, 314
"c:\Users\bmiko\nexir\src\render\effect_chain.rs", "Rust", 140, 0, 0, 0, 0, 22, 20, 182
"c:\Users\bmiko\nexir\src\render\frame_state.rs", "Rust", 34, 0, 0, 0, 0, 10, 6, 50
"c:\Users\bmiko\nexir\src\render\graph.rs", "Rust", 204, 0, 0, 0, 0, 28, 46, 278
"c:\Users\bmiko\nexir\src\render\mod.rs", "Rust", 9, 0, 0, 0, 0, 1, 2, 12
"c:\Users\bmiko\nexir\src\render\nodes\blit.rs", "Rust", 143, 0, 0, 0, 0, 1, 16, 160
"c:\Users\bmiko\nexir\src\render\nodes\chroma_key.rs", "Rust", 215, 0, 0, 0, 0, 14, 25, 254
"c:\Users\bmiko\nexir\src\render\nodes\color_correction.rs", "Rust", 150, 0, 0, 0, 0, 14, 18, 182
"c:\Users\bmiko\nexir\src\render\nodes\composite.rs", "Rust", 264, 0, 0, 0, 0, 3, 23, 290
"c:\Users\bmiko\nexir\src\render\nodes\lut.rs", "Rust", 213, 0, 0, 0, 0, 13, 23, 249
"c:\Users\bmiko\nexir\src\render\nodes\mod.rs", "Rust", 7, 0, 0, 0, 0, 1, 2, 10
"c:\Users\bmiko\nexir\src\render\nodes\yuv_to_rgb.rs", "Rust", 179, 0, 0, 0, 0, 20, 15, 214
"c:\Users\bmiko\nexir\src\render\nodes\yuv_upload.rs", "Rust", 196, 0, 0, 0, 0, 24, 26, 246
"c:\Users\bmiko\nexir\src\render\resource.rs", "Rust", 119, 0, 0, 0, 0, 27, 21, 167
"c:\Users\bmiko\nexir\src\render\shader\mod.rs", "Rust", 1, 0, 0, 0, 0, 1, 2, 4
"c:\Users\bmiko\nexir\src\render\shader\registry.rs", "Rust", 85, 0, 0, 0, 0, 1, 18, 104
"c:\Users\bmiko\nexir\src\scheduler\frame_scheduler.rs", "Rust", 251, 0, 0, 0, 0, 28, 33, 312
"c:\Users\bmiko\nexir\src\scheduler\island.rs", "Rust", 63, 0, 0, 0, 0, 3, 11, 77
"c:\Users\bmiko\nexir\src\scheduler\mod.rs", "Rust", 2, 0, 0, 0, 0, 1, 1, 4
"c:\Users\bmiko\nexir\src\shim.c", "C", 0, 0, 0, 107, 0, 0, 18, 125
"c:\Users\bmiko\nexir\src\sync\drift_corrector.rs", "Rust", 39, 0, 0, 0, 0, 4, 12, 55
"c:\Users\bmiko\nexir\src\sync\master_clock.rs", "Rust", 47, 0, 0, 0, 0, 16, 9, 72
"c:\Users\bmiko\nexir\src\sync\mod.rs", "Rust", 4, 0, 0, 0, 0, 1, 1, 6
"c:\Users\bmiko\nexir\src\sync\presentation.rs", "Rust", 42, 0, 0, 0, 0, 6, 8, 56
"c:\Users\bmiko\nexir\src\sync\sync_probe.rs", "Rust", 41, 0, 0, 0, 0, 7, 8, 56
"c:\Users\bmiko\nexir\src\tests\av_sync.rs", "Rust", 98, 0, 0, 0, 0, 5, 16, 119
"c:\Users\bmiko\nexir\src\tests\export_integration.rs", "Rust", 108, 0, 0, 0, 0, 0, 14, 122
"c:\Users\bmiko\nexir\src\tests\interop_correctness.rs", "Rust", 218, 0, 0, 0, 0, 51, 28, 297
"c:\Users\bmiko\nexir\src\tests\mod.rs", "Rust", 4, 0, 0, 0, 0, 3, 1, 8
"c:\Users\bmiko\nexir\src\tests\playback_smoke.rs", "Rust", 94, 0, 0, 0, 0, 16, 29, 139
"c:\Users\bmiko\nexir\src\tests\render_integration.rs", "Rust", 177, 0, 0, 0, 0, 16, 25, 218
"c:\Users\bmiko\nexir\src\timeline\effect.rs", "Rust", 87, 0, 0, 0, 0, 8, 19, 114
"c:\Users\bmiko\nexir\src\timeline\ids.rs", "Rust", 36, 0, 0, 0, 0, 9, 10, 55
"c:\Users\bmiko\nexir\src\timeline\mod.rs", "Rust", 10, 0, 0, 0, 0, 0, 1, 11
"c:\Users\bmiko\nexir\src\timeline\mutation.rs", "Rust", 635, 0, 0, 0, 0, 45, 75, 755
"c:\Users\bmiko\nexir\src\timeline\query.rs", "Rust", 56, 0, 0, 0, 0, 4, 7, 67
"c:\Users\bmiko\nexir\src\timeline\rational.rs", "Rust", 86, 0, 0, 0, 0, 14, 15, 115
"c:\Users\bmiko\nexir\src\timeline\source.rs", "Rust", 187, 0, 0, 0, 0, 5, 22, 214
"c:\Users\bmiko\nexir\src\timeline\store.rs", "Rust", 171, 0, 0, 0, 0, 12, 39, 222
"c:\Users\bmiko\nexir\src\timeline\tests.rs", "Rust", 504, 0, 0, 0, 0, 35, 66, 605
"c:\Users\bmiko\nexir\src\timeline\track.rs", "Rust", 119, 0, 0, 0, 0, 14, 23, 156
"c:\Users\bmiko\nexir\src\timeline\transform.rs", "Rust", 91, 0, 0, 0, 0, 43, 25, 159
"c:\Users\bmiko\nexir\ui\src\app.rs", "Rust", 1149, 0, 0, 0, 0, 80, 118, 1347
"c:\Users\bmiko\nexir\ui\src\audio_mixer.rs", "Rust", 166, 0, 0, 0, 0, 17, 26, 209
"c:\Users\bmiko\nexir\ui\src\history.rs", "Rust", 57, 0, 0, 0, 0, 0, 11, 68
"c:\Users\bmiko\nexir\ui\src\image_still.rs", "Rust", 191, 0, 0, 0, 0, 11, 22, 224
"c:\Users\bmiko\nexir\ui\src\layout\export_settings.rs", "Rust", 257, 0, 0, 0, 0, 22, 26, 305
"c:\Users\bmiko\nexir\ui\src\layout\inspector.rs", "Rust", 320, 0, 0, 0, 0, 14, 27, 361
"c:\Users\bmiko\nexir\ui\src\layout\media_pool.rs", "Rust", 154, 0, 0, 0, 0, 7, 15, 176
"c:\Users\bmiko\nexir\ui\src\layout\mod.rs", "Rust", 6, 0, 0, 0, 0, 0, 1, 7
"c:\Users\bmiko\nexir\ui\src\layout\timeline.rs", "Rust", 1506, 0, 0, 0, 0, 85, 148, 1739
"c:\Users\bmiko\nexir\ui\src\layout\top_bar.rs", "Rust", 194, 0, 0, 0, 0, 8, 17, 219
"c:\Users\bmiko\nexir\ui\src\layout\viewport.rs", "Rust", 359, 0, 0, 0, 0, 7, 42, 408
"c:\Users\bmiko\nexir\ui\src\main.rs", "Rust", 151, 0, 0, 0, 0, 7, 25, 183
"c:\Users\bmiko\nexir\ui\src\waveform.rs", "Rust", 164, 0, 0, 0, 0, 10, 20, 194
"Total", "-", 28675, 303, 6, 159, 63, 2999, 4297, 36502